{
  "ckpt": "ckpt/ESC-B2/0600000.pt",
  "ckpt_key": "ema",
  "image_root": "/zhangchi/imagenet_256/images",
  "num_images": 64,
  "model": "SiT-B/2",
  "adapt_model": true,
  "resolution": 256,
  "label_mode": "json",
  "label_json": "/zhangchi/imagenet_256/images/dataset.json",
  "num_classes": 1000,
  "t_values": [
    0.25,
    0.5,
    0.75,
    0.9
  ],
  "r_fractions": [
    0.0,
    0.25,
    0.5,
    0.75,
    1.0
  ],
  "data_endpoint_time": 0.0,
  "latent_scale": 0.18125,
  "by_t": {
    "0.25": {
      "endpoint_disagreement": {
        "mean": 0.0008151797546815942,
        "std": 6.101866850987547e-05,
        "median": 0.0008160496363416314,
        "p90": 0.0008865942945703864,
        "p95": 0.0009037137613631784,
        "min": 0.0006270929588936269,
        "max": 0.0009422345319762826
      },
      "mean_endpoint_mse_to_data": {
        "mean": 0.055013330827932805,
        "std": 0.009154815206167734,
        "median": 0.05732361227273941,
        "p90": 0.0651330016553402,
        "p95": 0.0668979287147522,
        "min": 0.02865222468972206,
        "max": 0.06851120293140411
      },
      "endpoint_mse_to_data_by_r_fraction": {
        "0.0": {
          "mean": 0.059123225742951035,
          "std": 0.00918824908369781,
          "median": 0.06193111464381218,
          "p90": 0.06921902969479561,
          "p95": 0.07062240540981292,
          "min": 0.03219728171825409,
          "max": 0.07265210151672363
        },
        "0.25": {
          "mean": 0.056656624597962946,
          "std": 0.009258576048456682,
          "median": 0.05903099291026592,
          "p90": 0.06689830794930458,
          "p95": 0.06848697140812873,
          "min": 0.029776427894830704,
          "max": 0.0703352689743042
        },
        "0.5": {
          "mean": 0.05499320998205803,
          "std": 0.009204783582285497,
          "median": 0.05733339115977287,
          "p90": 0.06522051692008972,
          "p95": 0.06700201891362667,
          "min": 0.028524069115519524,
          "max": 0.06856703758239746
        },
        "0.75": {
          "mean": 0.05423000967130065,
          "std": 0.009142179368242865,
          "median": 0.05651061050593853,
          "p90": 0.06422887220978737,
          "p95": 0.06627258472144604,
          "min": 0.028102900832891464,
          "max": 0.06764955073595047
        },
        "1.0": {
          "mean": 0.05413948095520027,
          "std": 0.00912607217209835,
          "median": 0.05637350119650364,
          "p90": 0.0639448694884777,
          "p95": 0.06612526252865791,
          "min": 0.028124520555138588,
          "max": 0.06755533814430237
        }
      }
    },
    "0.5": {
      "endpoint_disagreement": {
        "mean": 0.007587094816699391,
        "std": 0.0015303882278249125,
        "median": 0.007716201711446047,
        "p90": 0.009441162459552288,
        "p95": 0.009574727481231093,
        "min": 0.003241629572585225,
        "max": 0.009967572055757046
      },
      "mean_endpoint_mse_to_data": {
        "mean": 0.20574425091035664,
        "std": 0.04531464735033471,
        "median": 0.217503160238266,
        "p90": 0.25593773126602176,
        "p95": 0.26927529424428936,
        "min": 0.07964781671762466,
        "max": 0.27738478779792786
      },
      "endpoint_mse_to_data_by_r_fraction": {
        "0.0": {
          "mean": 0.24276354536414146,
          "std": 0.052059845565756054,
          "median": 0.256873220205307,
          "p90": 0.29806309938430786,
          "p95": 0.31281498968601223,
          "min": 0.09660803526639938,
          "max": 0.3247143030166626
        },
        "0.25": {
          "mean": 0.22275041928514838,
          "std": 0.049285584036131556,
          "median": 0.23495355248451233,
          "p90": 0.2761210471391678,
          "p95": 0.2910127341747284,
          "min": 0.08494287729263306,
          "max": 0.30167925357818604
        },
        "0.5": {
          "mean": 0.2083426967728883,
          "std": 0.046389951049734354,
          "median": 0.2196839675307274,
          "p90": 0.25944610238075255,
          "p95": 0.27375295907258984,
          "min": 0.07911169528961182,
          "max": 0.28270530700683594
        },
        "0.75": {
          "mean": 0.19870612164959311,
          "std": 0.04390435418089197,
          "median": 0.20957686007022858,
          "p90": 0.24787049740552902,
          "p95": 0.26088102310895916,
          "min": 0.07742499560117722,
          "max": 0.26763206720352173
        },
        "1.0": {
          "mean": 0.1940939398482442,
          "std": 0.04259514569400818,
          "median": 0.2048206850886345,
          "p90": 0.24140287935733795,
          "p95": 0.25336915403604504,
          "min": 0.07765403389930725,
          "max": 0.26494717597961426
        }
      }
    },
    "0.75": {
      "endpoint_disagreement": {
        "mean": 0.031243078876286745,
        "std": 0.006256073429882171,
        "median": 0.031693531200289726,
        "p90": 0.03854793198406696,
        "p95": 0.039588068239390845,
        "min": 0.015043938532471657,
        "max": 0.04498472437262535
      },
      "mean_endpoint_mse_to_data": {
        "mean": 0.4263858157210052,
        "std": 0.07081159644734553,
        "median": 0.4368039071559906,
        "p90": 0.5141067624092102,
        "p95": 0.5204309344291687,
        "min": 0.24519380927085876,
        "max": 0.5246182680130005
      },
      "endpoint_mse_to_data_by_r_fraction": {
        "0.0": {
          "mean": 0.572486624121666,
          "std": 0.0919339664323178,
          "median": 0.5795348882675171,
          "p90": 0.6684817552566529,
          "p95": 0.6850905746221542,
          "min": 0.31236064434051514,
          "max": 0.7073764204978943
        },
        "0.25": {
          "mean": 0.4972948646172881,
          "std": 0.08018272133241684,
          "median": 0.5022716522216797,
          "p90": 0.5895376443862915,
          "p95": 0.5981006562709809,
          "min": 0.2791312336921692,
          "max": 0.6064621806144714
        },
        "0.5": {
          "mean": 0.44224604428745806,
          "std": 0.0730464967462265,
          "median": 0.4536898136138916,
          "p90": 0.5318222999572754,
          "p95": 0.5357978940010071,
          "min": 0.24797256290912628,
          "max": 0.5506477355957031
        },
        "0.75": {
          "mean": 0.401926041347906,
          "std": 0.06835635898985762,
          "median": 0.40343545377254486,
          "p90": 0.48003570139408114,
          "p95": 0.49655879735946656,
          "min": 0.23594221472740173,
          "max": 0.5167686939239502
        },
        "1.0": {
          "mean": 0.37419086415320635,
          "std": 0.06698259419906727,
          "median": 0.3825937807559967,
          "p90": 0.45437523126602175,
          "p95": 0.4743689641356468,
          "min": 0.20923784375190735,
          "max": 0.4882246255874634
        }
      }
    },
    "0.9": {
      "endpoint_disagreement": {
        "mean": 0.05628470337251201,
        "std": 0.00849929173471536,
        "median": 0.055894799530506134,
        "p90": 0.06652759686112404,
        "p95": 0.06789210140705108,
        "min": 0.03637115657329559,
        "max": 0.08984507620334625
      },
      "mean_endpoint_mse_to_data": {
        "mean": 0.6056067701429129,
        "std": 0.08205944139476827,
        "median": 0.6172006726264954,
        "p90": 0.6943670153617859,
        "p95": 0.7132808506488799,
        "min": 0.4154261350631714,
        "max": 0.8338721990585327
      },
      "endpoint_mse_to_data_by_r_fraction": {
        "0.0": {
          "mean": 0.8695889636874199,
          "std": 0.09877136588288699,
          "median": 0.8776110708713531,
          "p90": 0.9844054341316223,
          "p95": 1.0095728427171706,
          "min": 0.6344689726829529,
          "max": 1.1375317573547363
        },
        "0.25": {
          "mean": 0.7285336125642061,